code,name,type,postal_code,district_code
35.29.01.1015,Kepanjin,Kelurahan,69415,35.29.01
35.29.01.1016,Pajagalan,Kelurahan,69416,35.29.01
35.29.01.1017,Bangselok,Kelurahan,69416,35.29.01
35.29.01.1018,Karangduak,Kelurahan,69417,35.29.01
35.29.01.2005,Kolor,Desa,69417,35.29.01
35.29.01.2006,Pabian,Desa,69417,35.29.01
35.29.01.2007,Marengan Daya,Desa,69417,35.29.01
35.29.01.2008,Kacongan,Desa,69417,35.29.01
35.29.01.2009,Paberasan,Desa,69417,35.29.01
35.29.01.2010,Parsanga,Desa,69417,35.29.01
35.29.01.2011,Bangkal,Desa,69417,35.29.01
35.29.01.2012,Kebunan,Desa,69417,35.29.01
35.29.01.2013,Pamolokan,Desa,69412,35.29.01
35.29.01.2014,Pangarangan,Desa,69412,35.29.01
35.29.01.2019,Pandian,Desa,69414,35.29.01
35.29.01.2020,Kebunagung,Desa,69413,35.29.01
35.29.02.2001,Pinggirpapas,Desa,69471,35.29.02
35.29.02.2002,Karanganyar,Desa,69471,35.29.02
35.29.02.2003,Marengan Laok,Desa,69471,35.29.02
35.29.02.2004,Kertasada,Desa,69471,35.29.02
35.29.02.2005,Kalimook,Desa,69471,35.29.02
35.29.02.2006,Kalianget Barat,Desa,69471,35.29.02
35.29.02.2007,Kalianget Timur,Desa,69471,35.29.02
35.29.03.2001,Kasengan,Desa,69452,35.29.03
35.29.03.2002,Lalangon,Desa,69452,35.29.03
35.29.03.2003,Tenonan,Desa,69452,35.29.03
35.29.03.2004,Lanjuk,Desa,69452,35.29.03
35.29.03.2005,Gadding,Desa,69452,35.29.03
35.29.03.2006,Giring,Desa,69452,35.29.03
35.29.03.2007,Gunung Kembar,Desa,69452,35.29.03
35.29.03.2008,Jaba'an,Desa,69452,35.29.03
35.29.03.2009,Manding Laok,Desa,69452,35.29.03
35.29.03.2010,Manding Timur,Desa,69452,35.29.03
35.29.03.2011,Manding Daya,Desa,69452,35.29.03
35.29.04.2001,Talango,Desa,69481,35.29.04
35.29.04.2002,Padike,Desa,69481,35.29.04
35.29.04.2003,Cabbiya,Desa,69481,35.29.04
35.29.04.2004,Essang,Desa,69481,35.29.04
35.29.04.2005,Kombang,Desa,69481,35.29.04
35.29.04.2006,Poteran,Desa,69481,35.29.04
35.29.04.2007,Palasa,Desa,69481,35.29.04
35.29.04.2008,Gapurana,Desa,69481,35.29.04
35.29.05.2001,Guluk Manjung,Desa,69466,35.29.05
35.29.05.2002,Kapedi,Desa,69466,35.29.05
35.29.05.2003,Pakandangan Barat,Desa,69466,35.29.05
35.29.05.2004,Pakandangan Tengah,Desa,69466,35.29.05
35.29.05.2005,Pakandangan Sangra,Desa,69466,35.29.05
35.29.05.2006,Aeng Dake,Desa,69466,35.29.05
35.29.05.2007,Aeng Baja Kenek,Desa,69466,35.29.05
35.29.05.2008,Bluto,Desa,69466,35.29.05
35.29.05.2009,Lobuk,Desa,69466,35.29.05
35.29.05.2010,Bumbungan,Desa,69466,35.29.05
35.29.05.2011,Masaran,Desa,69466,35.29.05
35.29.05.2012,Palongan,Desa,69466,35.29.05
35.29.05.2013,Aeng Baja Raja,Desa,69466,35.29.05
35.29.05.2014,Karang Campaka,Desa,69466,35.29.05
35.29.05.2015,Sera Barat,Desa,69466,35.29.05
35.29.05.2016,Sera Tengah,Desa,69466,35.29.05
35.29.05.2017,Sera Timur,Desa,69466,35.29.05
35.29.05.2018,Gingging,Desa,69466,35.29.05
35.29.05.2019,Errabu,Desa,69466,35.29.05
35.29.05.2020,Gilang,Desa,69466,35.29.05
35.29.06.2001,Pagar Batu,Desa,69467,35.29.06
35.29.06.2002,Tanjung,Desa,69467,35.29.06
35.29.06.2003,Kebundadap Timur,Desa,69467,35.29.06
35.29.06.2004,Langsar,Desa,69467,35.29.06
35.29.06.2005,Kebundadap Barat,Desa,69467,35.29.06
35.29.06.2006,Saroka,Desa,69467,35.29.06
35.29.06.2007,Tanamerah,Desa,69467,35.29.06
35.29.06.2008,Nambakor,Desa,69467,35.29.06
35.29.06.2009,Saronggi,Desa,69467,35.29.06
35.29.06.2010,Moangan,Desa,69467,35.29.06
35.29.06.2011,Juluk,Desa,69467,35.29.06
35.29.06.2012,Aengtongtong,Desa,69467,35.29.06
35.29.06.2013,Talang,Desa,69467,35.29.06
35.29.06.2014,Kambingan Timur,Desa,69467,35.29.06
35.29.07.2001,Moncek Barat,Desa,69461,35.29.07
35.29.07.2002,Moncek Tengah,Desa,69461,35.29.07
35.29.07.2003,Moncek Timur,Desa,69461,35.29.07
35.29.07.2004,Banaresep Timur,Desa,69461,35.29.07
35.29.07.2005,Tarogan,Desa,69461,35.29.07
35.29.07.2006,Kambingan Barat,Desa,69461,35.29.07
35.29.07.2007,Poreh,Desa,69461,35.29.07
35.29.07.2008,Lenteng Timur,Desa,69461,35.29.07
35.29.07.2009,Lembung Timur,Desa,69461,35.29.07
35.29.07.2010,Lenteng Barat,Desa,69461,35.29.07
35.29.07.2011,Banaresep Barat,Desa,69461,35.29.07
35.29.07.2012,Billapora Rebba,Desa,69461,35.29.07
35.29.07.2013,Lembung Barat,Desa,69461,35.29.07
35.29.07.2014,Ellak Laok,Desa,69461,35.29.07
35.29.07.2015,Ellak Daya,Desa,69461,35.29.07
35.29.07.2016,Daramista,Desa,69461,35.29.07
35.29.07.2017,Jambu,Desa,69461,35.29.07
35.29.07.2018,Cangkreng,Desa,69461,35.29.07
35.29.07.2019,Meddelan,Desa,69461,35.29.07
35.29.07.2020,Sendir,Desa,69461,35.29.07
35.29.08.2001,Galis,Desa,69482,35.29.08
35.29.08.2002,Gedugan,Desa,69482,35.29.08
35.29.08.2003,Bringsang,Desa,69482,35.29.08
35.29.08.2004,Aenganyar,Desa,69482,35.29.08
35.29.08.2005,Lombang,Desa,69482,35.29.08
35.29.08.2006,Jate,Desa,69482,35.29.08
35.29.08.2007,Banbaru,Desa,69482,35.29.08
35.29.08.2008,Banmaleng,Desa,69482,35.29.08
35.29.09.2001,Bakeong,Desa,69463,35.29.09
35.29.09.2002,Payudan Dundang,Desa,69463,35.29.09
35.29.09.2003,Pordapor,Desa,69463,35.29.09
35.29.09.2004,Guluk-guluk,Desa,69463,35.29.09
35.29.09.2005,Ketawang Laok,Desa,69463,35.29.09
35.29.09.2006,Pananggungan,Desa,69463,35.29.09
35.29.09.2007,Bragung,Desa,69463,35.29.09
35.29.09.2008,Tambuko,Desa,69463,35.29.09
35.29.09.2009,Payudan Nangger,Desa,69463,35.29.09
35.29.09.2010,Payudan Daleman,Desa,69463,35.29.09
35.29.09.2011,Payudan Karangsokon,Desa,69463,35.29.09
35.29.09.2012,Batuampar,Desa,69463,35.29.09
35.29.10.2001,Bataal Barat,Desa,69462,35.29.10
35.29.10.2002,Bataal Timur,Desa,69462,35.29.10
35.29.10.2003,Rombiya Barat,Desa,69462,35.29.10
35.29.10.2004,Rombiya Timur,Desa,69462,35.29.10
35.29.10.2005,Talaga,Desa,69462,35.29.10
35.29.10.2006,Billapora Barat,Desa,69462,35.29.10
35.29.10.2007,Billapora Timur,Desa,69462,35.29.10
35.29.10.2008,Ganding,Desa,69462,35.29.10
35.29.10.2009,Gadu Timur,Desa,69462,35.29.10
35.29.10.2010,Gadu Barat,Desa,69462,35.29.10
35.29.10.2011,Ketawang Larangan,Desa,69462,35.29.10
35.29.10.2012,Ketawang Parebaan,Desa,69462,35.29.10
35.29.10.2013,Ketawang Daleman,Desa,69462,35.29.10
35.29.10.2014,Ketawang Karay,Desa,69462,35.29.10
35.29.11.2001,Kaduara Timur,Desa,69465,35.29.11
35.29.11.2002,Sendang,Desa,69465,35.29.11
35.29.11.2003,Rombasan,Desa,69465,35.29.11
35.29.11.2004,Sentol Laok,Desa,69465,35.29.11
35.29.11.2005,Larangan Perreng,Desa,69465,35.29.11
35.29.11.2006,Sentol Daya,Desa,69465,35.29.11
35.29.11.2007,Pakamban Daya,Desa,69465,35.29.11
35.29.11.2008,Pakamban Laok,Desa,69465,35.29.11
35.29.11.2009,Jaddung,Desa,69465,35.29.11
35.29.11.2010,Pragaan Laok,Desa,69465,35.29.11
35.29.11.2011,Pragaan Daya,Desa,69465,35.29.11
35.29.11.2012,Prenduan,Desa,69465,35.29.11
35.29.11.2013,Aeng Panas,Desa,69465,35.29.11
35.29.11.2014,Karduluk,Desa,69465,35.29.11
35.29.12.2001,Ambunten Barat,Desa,69455,35.29.12
35.29.12.2002,Ambunten Tengah,Desa,69455,35.29.12
35.29.12.2003,Ambunten Timur,Desa,69455,35.29.12
35.29.12.2004,Tambaagung Barat,Desa,69455,35.29.12
35.29.12.2005,Tambaagung Tengah,Desa,69455,35.29.12
35.29.12.2006,Tambaagung Ares,Desa,69455,35.29.12
35.29.12.2007,Sogian,Desa,69455,35.29.12
35.29.12.2008,Tambaagung Timur,Desa,69455,35.29.12
35.29.12.2009,Bukabu,Desa,69455,35.29.12
35.29.12.2010,Campor Barat,Desa,69455,35.29.12
35.29.12.2011,Keles,Desa,69455,35.29.12
35.29.12.2012,Campor Timur,Desa,69455,35.29.12
35.29.12.2013,Belluk Ares,Desa,69455,35.29.12
35.29.12.2014,Belluk Kenek,Desa,69455,35.29.12
35.29.12.2015,Belluk Raja,Desa,69455,35.29.12
35.29.13.2001,Montorna,Desa,69457,35.29.13
35.29.13.2002,Prancak,Desa,69457,35.29.13
35.29.13.2003,Campaka,Desa,69457,35.29.13
35.29.13.2004,Rajun,Desa,69457,35.29.13
35.29.13.2005,Lebeng Timur,Desa,69457,35.29.13
35.29.13.2006,Lebeng Barat,Desa,69457,35.29.13
35.29.13.2007,Soddara,Desa,69457,35.29.13
35.29.13.2008,Pasongsongan,Desa,69457,35.29.13
35.29.13.2009,Padangdangan,Desa,69457,35.29.13
35.29.13.2010,Panaongan,Desa,69457,35.29.13
35.29.14.2001,Slopeng,Desa,69454,35.29.14
35.29.14.2002,Semaan,Desa,69454,35.29.14
35.29.14.2003,Batubellah Barat,Desa,69454,35.29.14
35.29.14.2004,Batubellah Timur,Desa,69454,35.29.14
35.29.14.2005,Kecer,Desa,69454,35.29.14
35.29.14.2006,Bates,Desa,69454,35.29.14
35.29.14.2007,Bringin,Desa,69454,35.29.14
35.29.14.2008,Jelbudan,Desa,69454,35.29.14
35.29.14.2009,Kerta Barat,Desa,69454,35.29.14
35.29.14.2010,Kerta Timur,Desa,69454,35.29.14
35.29.14.2011,Nyapar,Desa,69454,35.29.14
35.29.14.2012,Dasuk Barat,Desa,69454,35.29.14
35.29.14.2013,Dasuk Timur,Desa,69454,35.29.14
35.29.14.2014,Dasuk Laok,Desa,69454,35.29.14
35.29.14.2015,Mantajun,Desa,69454,35.29.14
35.29.15.2001,Mandala,Desa,69456,35.29.15
35.29.15.2002,Pakondang,Desa,69456,35.29.15
35.29.15.2003,Matanair,Desa,69456,35.29.15
35.29.15.2004,Tambaksari,Desa,69456,35.29.15
35.29.15.2005,Banasare,Desa,69456,35.29.15
35.29.15.2006,Bunbarat,Desa,69456,35.29.15
35.29.15.2007,Karang Nangka,Desa,69456,35.29.15
35.29.15.2008,Basoka,Desa,69456,35.29.15
35.29.15.2009,Duko,Desa,69456,35.29.15
35.29.15.2010,Rubaru,Desa,69456,35.29.15
35.29.15.2011,Kalebengan,Desa,69456,35.29.15
35.29.16.2001,Kolpo,Desa,69473,35.29.16
35.29.16.2002,Tamidung,Desa,69473,35.29.16
35.29.16.2003,Batang-batang Laok,Desa,69473,35.29.16
35.29.16.2004,Batang-Batang Daya,Desa,69473,35.29.16
35.29.16.2005,Totosan,Desa,69473,35.29.16
35.29.16.2006,Banuaju Barat,Desa,69473,35.29.16
35.29.16.2007,Banuaju Timur,Desa,69473,35.29.16
35.29.16.2008,Jenangger,Desa,69473,35.29.16
35.29.16.2009,Nyabakan Timur,Desa,69473,35.29.16
35.29.16.2010,Nyabakan Barat,Desa,69473,35.29.16
35.29.16.2011,Jangkong,Desa,69473,35.29.16
35.29.16.2012,Legung Barat,Desa,69473,35.29.16
35.29.16.2013,Legung Timur,Desa,69473,35.29.16
35.29.16.2014,Dapenda,Desa,69473,35.29.16
35.29.16.2015,Bilangan,Desa,69473,35.29.16
35.29.16.2016,Lombang,Desa,69473,35.29.16
35.29.17.2001,Aengmerah,Desa,69453,35.29.17
35.29.17.2002,Tengedan,Desa,69453,35.29.17
35.29.17.2003,Juruan Laok,Desa,69453,35.29.17
35.29.17.2004,Juruan Daya,Desa,69453,35.29.17
35.29.17.2005,Badur,Desa,69453,35.29.17
35.29.17.2006,Gedang-Gedang,Desa,69453,35.29.17
35.29.17.2007,Batuputih Kenek,Desa,69453,35.29.17
35.29.17.2008,Batuputih Laok,Desa,69453,35.29.17
35.29.17.2009,Batuputih Daya,Desa,69453,35.29.17
35.29.17.2010,Bantelan,Desa,69453,35.29.17
35.29.17.2011,Larangan Barma,Desa,69453,35.29.17
35.29.17.2012,Larangan Kerta,Desa,69453,35.29.17
35.29.17.2013,Bulla'an,Desa,69453,35.29.17
35.29.17.2014,Sergang,Desa,69453,35.29.17
35.29.18.2001,Candi,Desa,69474,35.29.18
35.29.18.2002,Jadung,Desa,69474,35.29.18
35.29.18.2003,Romben Barat,Desa,69474,35.29.18
35.29.18.2004,Romben Rana,Desa,69474,35.29.18
35.29.18.2005,Romben Guna,Desa,69474,35.29.18
35.29.18.2006,Taman Sare,Desa,69474,35.29.18
35.29.18.2007,Bicabbi,Desa,69474,35.29.18
35.29.18.2008,Dungkek,Desa,69474,35.29.18
35.29.18.2009,Bunpenang,Desa,69474,35.29.18
35.29.18.2010,Bungin-bungin,Desa,69474,35.29.18
35.29.18.2011,Lapa Taman,Desa,69474,35.29.18
35.29.18.2012,Lapa Laok,Desa,69474,35.29.18
35.29.18.2013,Lapa Daya,Desa,69474,35.29.18
35.29.18.2014,Bancamara,Desa,69474,35.29.18
35.29.18.2015,Banra'as,Desa,69474,35.29.18
35.29.19.2001,Grujugan,Desa,69472,35.29.19
35.29.19.2002,Longos,Desa,69472,35.29.19
35.29.19.2003,Andulang,Desa,69472,35.29.19
35.29.19.2004,Gapura Timur,Desa,69472,35.29.19
35.29.19.2005,Mandala,Desa,69472,35.29.19
35.29.19.2006,Gersik Putih,Desa,69472,35.29.19
35.29.19.2007,Gapura Tengah,Desa,69472,35.29.19
35.29.19.2008,Gapura Barat,Desa,69472,35.29.19
35.29.19.2009,Panagan,Desa,69472,35.29.19
35.29.19.2010,Palo'lo'an,Desa,69472,35.29.19
35.29.19.2011,Banjar Timur,Desa,69472,35.29.19
35.29.19.2012,Banjar Barat,Desa,69472,35.29.19
35.29.19.2013,Batudinding,Desa,69472,35.29.19
35.29.19.2014,Baban,Desa,69472,35.29.19
35.29.19.2015,Karangbudi,Desa,69472,35.29.19
35.29.19.2016,Braji,Desa,69472,35.29.19
35.29.19.2017,Poja,Desa,69472,35.29.19
35.29.20.2001,Pancor,Desa,69483,35.29.20
35.29.20.2002,Prambanan,Desa,69483,35.29.20
35.29.20.2003,Gendang Timur,Desa,69483,35.29.20
35.29.20.2004,Karang Tengah,Desa,69483,35.29.20
35.29.20.2005,Jambuir,Desa,69483,35.29.20
35.29.20.2006,Gayam,Desa,69483,35.29.20
35.29.20.2007,Kalowang,Desa,69483,35.29.20
35.29.20.2008,Nyamplong,Desa,69483,35.29.20
35.29.20.2009,Gendang Barat,Desa,69483,35.29.20
35.29.20.2010,Tarebung,Desa,69483,35.29.20
35.29.21.2001,Nonggunong,Desa,69484,35.29.21
35.29.21.2002,Somber,Desa,69484,35.29.21
35.29.21.2003,Tanah Merah,Desa,69484,35.29.21
35.29.21.2004,Sokaramme Timur,Desa,69484,35.29.21
35.29.21.2005,Sokarami Paseser,Desa,69484,35.29.21
35.29.21.2006,Talaga,Desa,69484,35.29.21
35.29.21.2007,Rosong,Desa,69484,35.29.21
35.29.21.2008,Sonok,Desa,69484,35.29.21
35.29.22.2001,Ketupat,Desa,69485,35.29.22
35.29.22.2002,Jungkat,Desa,69485,35.29.22
35.29.22.2003,Kropoh,Desa,69485,35.29.22
35.29.22.2004,Karangnangka,Desa,69485,35.29.22
35.29.22.2005,Alas Malang,Desa,69485,35.29.22
35.29.22.2006,Poteran,Desa,69485,35.29.22
35.29.22.2007,Brakas,Desa,69485,35.29.22
35.29.22.2008,Tonduk,Desa,69485,35.29.22
35.29.22.2009,Guwa-Guwa,Desa,69485,35.29.22
35.29.23.2001,Sukajeruk,Desa,69492,35.29.23
35.29.23.2002,Masalima,Desa,69492,35.29.23
35.29.23.2003,Masakambing,Desa,69492,35.29.23
35.29.23.2004,Kramian,Desa,69492,35.29.23
35.29.24.2001,Pajanangger,Desa,69491,35.29.24
35.29.24.2008,Sawah Sumur,Desa,69491,35.29.24
35.29.24.2009,Paseraman,Desa,69491,35.29.24
35.29.24.2010,Gelaman,Desa,69491,35.29.24
35.29.24.2011,Buddi,Desa,69491,35.29.24
35.29.24.2012,Kolo-kolo,Desa,69491,35.29.24
35.29.24.2013,Angkatan,Desa,69491,35.29.24
35.29.24.2014,Kalisangka,Desa,69491,35.29.24
35.29.24.2015,Bilis-bilis,Desa,69491,35.29.24
35.29.24.2016,Laok Jang-Jang,Desa,69491,35.29.24
35.29.24.2017,Sumbernangka,Desa,69491,35.29.24
35.29.24.2018,Duko,Desa,69491,35.29.24
35.29.24.2019,Kalikatak,Desa,69491,35.29.24
35.29.24.2020,Arjasa,Desa,69491,35.29.24
35.29.24.2021,Kalinganyar,Desa,69491,35.29.24
35.29.24.2022,Angon-angon,Desa,69491,35.29.24
35.29.24.2023,Sambakati,Desa,69491,35.29.24
35.29.24.2024,Pandeman,Desa,69491,35.29.24
35.29.24.2025,Pabean,Desa,69491,35.29.24
35.29.25.2001,Sepanjang,Desa,69493,35.29.25
35.29.25.2002,Tanjung Kiaok,Desa,69493,35.29.25
35.29.25.2003,Sakala,Desa,69493,35.29.25
35.29.25.2004,Pagerungan Besar,Desa,69493,35.29.25
35.29.25.2005,Pagerungan Kecil,Desa,69493,35.29.25
35.29.25.2006,Saseel,Desa,69493,35.29.25
35.29.25.2007,Sapeken,Desa,69493,35.29.25
35.29.25.2008,Sabunten,Desa,69493,35.29.25
35.29.25.2009,Paliat,Desa,69493,35.29.25
35.29.25.2010,Sadulang,Desa,69493,35.29.25
35.29.25.2011,Saur Saebus,Desa,69493,35.29.25
35.29.26.2001,Patean,Desa,69451,35.29.26
35.29.26.2002,Babbalan,Desa,69451,35.29.26
35.29.26.2003,Gedungan,Desa,69451,35.29.26
35.29.26.2004,Gunggung,Desa,69451,35.29.26
35.29.26.2005,Batuan,Desa,69451,35.29.26
35.29.26.2006,Torbang,Desa,69451,35.29.26
35.29.26.2007,Gelugur,Desa,69451,35.29.26
35.29.27.2001,Saobi,Desa,69490,35.29.27
35.29.27.2002,Kangayan,Desa,69490,35.29.27
35.29.27.2003,Torjek,Desa,69490,35.29.27
35.29.27.2004,Cangkramaan,Desa,69490,35.29.27
35.29.27.2005,Tembayangan,Desa,69490,35.29.27
35.29.27.2006,Batuputih,Desa,69490,35.29.27
35.29.27.2007,Daandung,Desa,69490,35.29.27
35.29.27.2008,Timur Jang-Jang,Desa,69490,35.29.27
35.29.27.2009,Jukong-jukong,Desa,69490,35.29.27
